Feature	Model	Importance
Percent.MT	LR	0.09020541433420551
S.Score	LR	0.3464517606143056
cnv_total	LR	1.0
nCount_RNA	LR	0.0
nFeature_RNA	LR	0.0
G2M.Score	LR	0.48490002164952783
Percent.MT	RF	0.3579931059683157
S.Score	RF	0.4915477879407933
cnv_total	RF	1.0
nCount_RNA	RF	0.6983983826436012
nFeature_RNA	RF	0.5879031191322056
G2M.Score	RF	0.5081152214319119
Percent.MT	XGB	0.1664549079575212
S.Score	XGB	0.2360989215684151
cnv_total	XGB	1.0
nCount_RNA	XGB	0.0923216846188668
nFeature_RNA	XGB	0.08227581905785063
G2M.Score	XGB	0.23978768716603602
Percent.MT	SVM	0.1742160278745645
S.Score	SVM	0.18815331010452965
cnv_total	SVM	1.0
nCount_RNA	SVM	0.0662020905923345
nFeature_RNA	SVM	0.0932055749128921
G2M.Score	SVM	0.23606271777003485
Percent.MT	NN	0.2763385146804833
S.Score	NN	0.2141623488773746
cnv_total	NN	0.9525043177892917
nCount_RNA	NN	1.0
nFeature_RNA	NN	0.3549222797927459
G2M.Score	NN	0.22970639032815174
